R Dainty's Premium Apple &amp; Mango 10ml-6mg,68,DAPGAM06
Psycho Bunny Nicotine Shot VG Base,52,PSDIYVG18
R Dainty's Premium RY4 Tobacco 10ml-6mg,32,DAPGRY06
Psycho Bunny Double Ice Nicotine Shot,30,PSDIYDICE18
R Dainty's Premium Blackcurrant Menthol-3mg,23,DAPGBM03
Eco Vape Premium Rolling Tobacco V2 Flavour-0mg,22,PRPGRO0
Dainty's Blue Slush 10ml-6mg,21,DAPGBS06
Eco Vape Premium Rolling Tobacco V2 Flavour-6mg,20,PRPGRO6
Dainty's Cherry Menthol Flavour MAX VG 50ml-50ml 0mg,19,DAVGCM00
Psycho Bunny Ice Nicotine Shot,17,PSDIYICE18
Eco Vape Premium Blackcurrant Menthol V2 Flavour-3mg,16,PRPGBM3
Dripping Range Wolves Juice Flavour 50/50-6mg,16,DRWOLVES5050-6mg
R Dainty's Premium Pink Lemonade 10ml-3mg,15,DAPGPL03
Dainty's Bubblegum Blast 50ml-50ml 0mg,15,DAVGBB00
R Dainty's Premium Red Air 10ml-3mg,14,DAPGRA03
R Dainty's Premium Tutti Fruity 10ml-6mg,13,DAPGTF06
Dripping Range Vampire Astaire Flavour 50/50-18mg,12,DRVAMPIR5050-18mg
Eco Vape Premium Blackcurrant Menthol V2 Flavour-12mg,12,PRPGBM12
Dainty's Premium Red Air 70/30 50ML-50ml 0mg,12,DAVGRA00
Dainty's Fresh Orange 10ml-18mg,12,DAPGFO18
R Dainty's Premium Menthol 10ml-6mg,11,DAPGMT06
Dainty's Premium Blueberry Blackcurrant Menthol 50/50 80ML-80ml 0mg,11,DAPGBBM0
Dainty's Special Menthol 10ml-3mg,10,DAPGSM03
Dripping Range Zombie Astaire Flavour 50/50-12mg,10,DRPGZO12
Dainty's Premium Menthol 50/50 80ML-80ml 0mg,10,DAPGMT0
Dainty's Special Menthol 10ml-6mg,10,DAPGSM06
Dainty's Heisenberg 10ml-3mg,10,DAPGHB03
Dainty's Apple 10ml-18mg,10,DAPGAP18
R Dainty's Premium Grape &amp; Blackcurrant 10ml-3mg,10,DAPGGB03
R Dainty's Premium Pink Lemonade 10ml-18mg,10,DAPGPL18
Dainty's Nic Salts Apple &amp; Mango 10ml-18mg,9,NSDAPGAM18
Dainty's Premium Heizenberg 50/50 80ML-90ml 2mg inc VG Nicshot,9,DAPGHB902VG
Psycho Bunny Nicotine Shot PG Base,9,PSDIYPG18
Dainty's Cherry Menthol Flavour MAX VG 50ml-60ml 3mg inc VG Nicshot,9,DAVGCM60VG3
Dainty's Premium Heizenberg 50/50 80ML-90ml 2mg inc PG Nicshot,9,DAPGHB902PG
Eco Vape Milfman V2 Milkshake Flavour MAX VG 50ml-60ml 3mg inc VG Nicshot,8,MILFMANMAXVG50ML-60ml 3mg inc VG Nicshot
Dripping Range Cobra Venom Flavour 50/50-12mg,8,DRCOBRAVENOM5050-12mg
Dainty's Heizenberg Flavour MAX VG 50ml-50ml 0mg,8,DAVGHE00
Dripping Range Blue Slush Flavour 50/50-6mg,8,DRPGBS6
R Dainty's Premium Tutti Fruity 10ml-3mg,8,DAPGTF03
Dripping Range Blue Slush Flavour 50/50-18mg,8,DRPGBS18
R Dainty's Premium Cola 10ml-3mg,8,DAPGC03
Dainty's Apple 10ml-3mg,8,DAPGAP03
Dripping Range Wolves Juice Flavour 50/50-3mg,8,DRWOLVES5050-3mg
Eco Vape Premium Gold Tobacco V2 Flavour-12mg,8,PRPGGO12
Dainty's Special Menthol Flavours MAX VG 50ml-60ml 3mg inc VG Nicshot,8,DAVGSM60VG3
Dripping Range Green Slush V2 Flavour 50/50-6mg,8,DRGREENSLUSH5050-6mg
Award Winning Eco Vape Milfsmilk V2 Flavour MAX VG 50ml-50ml 0mg,7,MILFSMILKMAXVG50ML-50ml 0mg
Dainty's Premium Heizenberg 50/50 80ML-100ml 3.6mg inc VG Nicshot,7,DAPGHB10036VG
Dainty's Premium Blueberry Blackcurrant Menthol 50/50 80ML-90ml 2mg inc PG Nicshot,7,DAPGBBM902PG
Dainty's Premium Blueberry Blackcurrant Menthol 50/50 80ML-100ml 3.6mg inc PG Nicshot,7,DAPGBBM10036PG
Dainty's Premium Pink Lemonade 50/50 80ML-80ml 0mg,7,DAPGPL0
Dainty's Premium Blueberry Blackcurrant Menthol 50/50 80ML-100ml 3.6mg inc VG Nicshot,7,DAPGBBM10036VG
R Dainty's Premium Orange 10ml-12mg,6,DAPGOR12
Eco Vape Premium Sweet Cherry V2 Flavour-18mg,6,PRPGSC18
Dainty's Cookie 10ml-3mg,6,DAPGCK03
Dainty's Blue Slush 10ml-3mg,6,DAPGBS03
Dainty's Heisenberg 10ml-6mg,6,DAPGHB06
Dainty's Aniseed 10ml-6mg,6,DAPGAN06
Dainty's Premium Foam Banana 50/50 80ML-80ml 0mg,6,DAPGFB0
Eco Vape Premium Spearmint V2 Flavour-18mg,6,PRPGSP18
Dainty's Blueberry Pancake 50ml-50ml 0mg,6,DAVGBP00
Dripping Range Killa Custard V2 Flavour 50/50-12mg,6,DRPGKI12
Dripping Range Zombie Astaire Flavour 50/50-3mg,6,DRPGZO3
Dainty's Raspberry 10ml-6mg,6,DAPGRS06
Dainty's Bubblegum 10ml-3mg,6,DAPGBU03
Dainty's Nic Salts Blueberry 10ml-3mg,6,NSDAPGBL03
Eco Vape Premium Strawberry &amp; Watermelon V2 Flavour-3mg,6,PRPGSW3
Dainty's Premium Grape &amp; Blackcurrant 50/50 80ML-90ml 2mg inc VG Nicshot,6,DAPGGB902VG
Dripping Range Blue Slush Flavour 50/50-3mg,6,DRPGBS3
Eco Vape Premium Rhubarb &amp; Custard Flavour-6mg,6,PRPGRH6
Dainty's Premium Heizenberg 50/50 80ML-100ml 3.6mg inc PG Nicshot,6,DAPGHB10036PG
Dainty's Cherry Lemonade Flavour MAX VG 50ml-50ml 0mg,6,DAVGCL00
R Dainty's Premium Banana 10ml-6mg,6,DAPGBA06
R Dainty's Premium Orange 10ml-3mg,6,DAPGOR03
Dainty's Heizenberg Flavour MAX VG 50ml-60ml 3mg inc VG Nicshot,6,DAVGHE60VG3
Eco Vape Premium Cherry Menthol V2 Flavour-12mg,5,PRPGCM12
Dainty's Premium Blueberry Blackcurrant Menthol 50/50 80ML-90ml 2mg inc VG Nicshot,5,DAPGBBM902VG
Dainty's Special Menthol Flavours MAX VG 50ml-50ml 0mg,5,DAVGSM00
Dripping Range Unicorn Blood Flavour 50/50-6mg,5,DRUNICORN5050-6mg
Dainty's Premium Red Air 50/50 80ML-80ml 0mg,5,DAPGRA0
Dainty's Cherry Menthol Flavour MAX VG 50ml-60ml 3mg inc PG Nicshot,5,DAPGCM60PG3
Dainty's Heizenberg Flavour MAX VG 50ml-60ml 3mg inc PG Nicshot,5,DAPGHE60PG3
R Dainty's Premium Strawberry 10ml-18mg,5,DAPGST18
Dainty's Blue Slush 10ml-12mg,5,DAPGBS12
Dainty's Premium RY4 Caramel Vanilla Tobacco 50/50 80ML-80ml 0mg,5,DAPGRY0
Dainty's Raspberry Sherbet 50ml-50ml 0mg,5,DAVGRS00
Dainty's Cherry Menthol 10ml-3mg,5,DAPGCM03
Dainty's Premium RY4 Caramel Vanilla Tobacco 50/50 80ML-100ml 3.6mg inc PG Nicshot,5,DAPGRY10036PG
Dainty's Apple &amp; Mango Flavour MAX VG 50ml-60ml 3mg inc VG Nicshot,5,DAVGAM60VG3
Dripping Range Vampire Astaire Flavour MAX VG 50ml-60ml 3mg inc PG Nicshot,4,DRVGVAPG3
Award Winning Eco Vape Milfsmilk V2 Flavour MAX VG 50ml-60ml 3mg inc VG Nicshot,4,MILFSMILKMAXVG50ML-60ml 3mg inc VG Nicshot
Dainty's Raspberry 10ml-3mg,4,DAPGRS03
SMOKJOY OPS-1 Replacement Pod -D POD,4,HWPOSJDP
Dainty's Premium Menthol 50/50 80ML-100ml 3.6mg inc PG Nicshot,4,DAPGMT10036PG
Eco Vape Premium Apple &amp; Mango V2 Flavour-3mg,4,PRPGAP3
Dainty's Nic Salts Pink Lemonade 10ml-6mg,4,NSDAPGPL06
Dainty's Premium Red Air 50/50 80ML-90ml 2mg inc PG Nicshot,4,DAPGRA902PG
Eco Vape Premium Forest Fruits V2 Flavour-6mg,4,PRPGFO6
Dripping Range Vampire Astaire Flavour 50/50-12mg,4,DRVAMPIR5050-12mg
Dripping Range Vampire Astaire Flavour MAX VG 50ml-60ml 3mg inc VG Nicshot,4,DRVGVAVG3
Dainty's Cola Cube 10ml-3mg,4,DAPGCU03
Dainty's Apple &amp; Mango Flavour MAX VG 50ml-50ml 0mg,4,DAVGAM00
Dripping Range Blue Slush MAX VG 50ml-60ml 3mg inc PG Nicshot,3,DRBLUESLUSH50MAXVG-60ml 3mg inc PG Nicshot
Psycho Bunny Blue Retro Flavour MAX VG 50ML -60ml 3mg inc PG Nicshot,3,PSVGBL3PG
Dainty's Premium Ice Mint 50/50 80ML-80ml 0mg,3,DAPGIM0
R Dainty's Premium Pink Lemonade 10ml-6mg,3,DAPGPL06
Eco Vape Premium Rolling Tobacco V2 Flavour-12mg,3,PRPGRO12
R Dainty's Premium Peppermint 10ml-12mg,3,DAPGPM12
Dripping Range Blue Slush MAX VG 50ml-60ml 3mg inc VG Nicshot,3,DRBLUESLUSH50MAXVG-60ml 3mg inc VG Nicshot
Dainty's Premium Pink Lemonade 50/50 80ML-100ml 3.6mg inc VG Nicshot,3,DAPGPL10036VG
Eco Vape Premium Gold Tobacco V2 Flavour-6mg,3,PRPGGO6
R Dainty's Premium Irish Cream 10ml-6mg,3,DAPGIC06
Famovape Fat Baby Mesh Coils-Famovape Fat Baby Mesh M15 Coils (0.15Ω),3,HWCOFVFBM15
Dainty's Premium Vanilla Ice Cream 50/50 80ML-90ml 2mg inc VG Nicshot,3,DAPGVBI902VG
Dainty's Banana Cake Flavour MAX VG 50ml-50ml 0mg,3,DAVGBC00
Dainty's Premium Grape &amp; Blackcurrant 50/50 80ML-110ml 4.9mg inc PG Nicshot,3,DAPGGB11049PG
R Dainty's Premium Orange 10ml-6mg,3,DAPGOR06
R Dainty's Premium Blackcurrant Menthol-6mg,3,DAPGBM06
R Dainty's Premium Blackcurrant Menthol-12mg,3,DAPGBM12
Psycho Bunny Prism Flavour MAX VG 50ML-50ml 0mg,3,PSVGPR0
Eco Vape Milfman V2 Milkshake Flavour MAX VG 50ml-50ml 0mg,3,MILFMANMAXVG50ML-50ml 0mg
Psycho Bunny Blue Retro Flavour MAX VG 50ML -50ml 0mg,3,PSVGBL0
Psycho Bunny Prism Flavour MAX VG 50ML-60ml 3mg inc PG Nicshot,3,PSVGPR3PG
R Dainty's Premium Pink Lemonade 10ml-12mg,3,DAPGPL12
Dainty's Nic Salts Cherry Lemonade 10ml-3mg,2,NSDAPGCL03
Dainty's Premium Pink Lemonade 50/50 80ML-90ml 2mg inc VG Nicshot,2,DAPGPL902VG
Dainty's Premium Red Air 50/50 80ML-90ml 2mg inc VG Nicshot,2,DAPGRA902VG
Dainty's Strawberry Cheesecake Flavour MAX VG 50ml-50ml 0mg,2,DAVGSC00
Dainty's Premium Grape &amp; Blackcurrant 50/50 80ML-80ml 0mg,2,DAPGGB0
Dainty's Bubblegum 10ml-6mg,2,DAPGBU06
Dainty's Jelly Babies 10ml-12mg,2,DAPGJB12
Dainty's Nic Salts Grape and Blackcurrant 10ml-3mg,2,NSDAPGGB03
Award Winning Eco Vape Strawberry Milkshake V2 Flavour MAX VG 50ml-60ml 3mg inc PG Nicshot,2,EVSTRAWMILKMAXVG50ML-60ml 3mg inc PG Nicshot
Dainty's Banana Cake Flavour MAX VG 50ml-60ml 3mg inc VG Nicshot,2,DAVGBC60VG3
R Dainty's Premium Apple &amp; Mango 10ml-3mg,2,DAPGAM03
R Dainty's Premium Strawberry 10ml-6mg,2,DAPGST06
Vaptio Paragon Coils-Vaptio Paragon Strip Coil (0.15Ω),2,HWCOVAPAR15
Eco Vape Premium Dragon Fruit V2 Flavour-6mg,2,PRPGDR6
R Dainty's Premium Irish Cream 10ml-12mg,2,DAPGIC12
Dainty's Apple &amp; Mango Flavour MAX VG 50ml-60ml 3mg inc PG Nicshot,2,DAPGAM60PG3
Psycho Bunny Melonade Flavour MAX VG 50ML-50ml 0mg,2,PSVGME0
Dainty's Aniseed 10ml-3mg,2,DAPGAN03
R Dainty's Premium Apple &amp; Mango 10ml-18mg,2,DAPGAM18
R Dainty's Premium Coffee 10ml-12mg,2,DAPGCO12
Dainty's Apple Pie Flavours MAX VG 50ml-50ml 0mg,2,DAVGAPG00
Dainty's Premium Pink Lemonade 50/50 80ML-110ml 4.9mg inc PG Nicshot,2,DAPGPL11049PG
Dainty's Nic Salts Blueberry and Blackcurrant Menthol 10ml-3mg,2,NSDAPGBBM03
Eco Vape Premium Tutti Fruity V2 Flavour-3mg,2,PRPGTU3
R Dainty's Premium Strawberry 10ml-3mg,2,DAPGST03
Dainty's Cherry Lemonade Flavour MAX VG 50ml-60ml 3mg inc PG Nicshot,2,DAPGCL60PG3
Dainty's Nic Salts Cherry Lemonade 10ml-18mg,2,NSDAPGCL18
Eco Vape Premium Tutti Fruity V2 Flavour-12mg,2,PRPGTU12
Rincoe Ceto Replacement Pod-Pod system,2,HWTARICE1
R Dainty's Premium Iron Brew 10ml-3mg,2,DAPGIB03
Eco Vape Premium Fruit Salad V2 Flavour-6mg,2,PRPGFR6
Eco Vape Premium Bubblegum V2 Flavour-3mg,2,PRPGBG3
Eco Vape Premium Black Jack V2 Flavour-6mg,2,PRPGBJ6
R Dainty's Premium Blueberry 10ml-12mg,1,DAPGBB12
Psycho Bunny Grapegasm Flavour MAX VG 50ML -50ml 0mg,1,PSVGGR0
R Dainty's Premium Vanilla Ice Cream 10ml-6mg,1,DAPGVBI06
R Dainty's Premium Pink Lemonade 10ml-0mg,1,DAPGPL00
Dripping Range Vampire Astaire Flavour 50/50-6mg,1,DRVAMPIR5050-6mg
Dainty's Strawberry Cheesecake Flavour MAX VG 50ml-60ml 3mg inc PG Nicshot,1,DAVGSC60PG3
Dainty's Nic Salts Pink Lemonade 10ml-18mg,1,NSDAPGPL18
Vaptio Solo F2 AIO-Black,1,HWKIVAF2BLK
Vaptio Cosmo Kit-Red,1,HWKIVACORED
Psycho Bunny Cappuccino Flavour MAX VG 50ML -60ml 3mg inc VG Nicshot,1,PSVGCA3VG
Eco Vape Premium Peach V2 Flavour-12mg,1,PRPGPE12
Psycho Bunny Custard Appeal Flavour MAX VG 50ML-60ml 3mg inc VG Nicshot,1,PSVGCU3VG
Vaptio P1 Mini Starter Kit -Black,1,VAPTIOP1-Black
Psycho Bunny Serial Flavour MAX VG 50ML -50ml 0mg,1,PSVGCE0
Dainty's Premium Ice Mint 50/50 80ML-110ml 4.9mg inc PG Nicshot,1,DAPGIM11049PG
VivaKita Move 60 Vaping Mod-Black,1,MOVE60-Black
Psycho Bunny Custard Appeal Flavour MAX VG 50ML-60ml 3mg inc PG Nicshot,1,PSVGCU3PG
Dainty's Lemon Cola Flavour MAX VG 50ml-60ml 3mg inc PG Nicshot,1,DAPGLC60PG3
Rincoe Ceto-Black,1,HWKIRICEBLK
Dripping Range Banananutz MAX VG 50ml-50ml 0mg,1,DRVGBN0
Dripping Range Blueberg MAX VG 50ml-60ml 3mg inc VG Nicshot,1,DRPGBL60PG3
Psycho Bunny Serial Flavour MAX VG 50ML -60ml 3mg inc PG Nicshot,1,PSVGCE3PG
Dainty's Raspberry 10ml-12mg,1,DAPGRS12
Dainty's Bubblegum 10ml-18mg,1,DAPGBU18
Vaptio Paragon C2 Kit-purple,1,HWVAPAPUR
Eco Vape Premium Menthol Flavour-6mg,1,PRPGMT6
R Dainty's Premium Cherry 10ml-3mg,1,DAPGCH03
R Dainty's Premium Fruit Salad 10ml-3mg,1,DAPGFS03
Psycho Bunny Cappuccino Flavour MAX VG 50ML -50ml 0mg,1,PSVGCA0
Dainty's Apple Pie Flavours MAX VG 50ml-60ml 3mg inc PG Nicshot,1,DAPGAP60PG3
Dainty's Premium Menthol 50/50 80ML-100ml 3.6mg inc VG Nicshot,1,DAPGMT10036VG
Dainty's Strawberry Cheesecake Flavour MAX VG 50ml-60ml 3mg inc VG Nicshot,1,DAVGSC60VG3
R Dainty's Premium Ice Mint 10ml-6mg,1,DAPGIM06
Dainty's Premium Blueberry Blackcurrant Menthol 50/50 80ML-110ml 4.9mg inc VG Nicshot,1,DAPGBBM11049VG
Eco Vape Premium Strawberry &amp; Watermelon V2 Flavour-12mg,1,PRPGSW12
R Dainty's Premium Grape &amp; Blackcurrant 10ml-12mg,1,DAPGGB12
Dainty's Premium Pink Lemonade 50/50 80ML-100ml 3.6mg inc PG Nicshot,1,DAPGPL10036PG
Psycho Bunny O.J Flavour MAX VG 50ML -50ml 0mg,1,PSVGOJ0
R Dainty's Premium Grape &amp; Blackcurrant 10ml-0mg,1,DAPGGB00
Eco Vape Premium Rolling Tobacco V2 Flavour-3mg,1,PRPGRO3
Dainty's Nic Salts Blueberry 10ml-18mg,1,NSDAPGBL18
Dainty's Premium Red Air 50/50 80ML-100ml 3.6mg inc VG Nicshot,1,DAPGRA10036VG
Dainty's Premium RY4 Caramel Vanilla Tobacco 50/50 80ML-110ml 4.9mg inc VG Nicshot,1,DAPGRY11049VG
R Dainty's Premium Key Lime Pie 10ml-12mg,1,DAPGKP12
Eco Vape Premium Candyfloss V2 Flavour-12mg,1,PRPGCF12
Vaptio Solo-Flat Replacement Pod Cartridge -Solo-Flat Pod (1.0Ω),1,HWPOVASF1
Dainty's Banana Cake Flavour MAX VG 50ml-60ml 3mg inc PG Nicshot,1,DAPGBC60PG3
Eco Vape Banana Milkshake V2 Flavour MAX VG 50ml-60ml 3mg inc PG Nicshot,1,BANMILKV2MAXVG50ML-60ml 3mg inc PG Nicshot
Dainty's Premium Menthol 50/50 80ML-90ml 2mg inc PG Nicshot,1,DAPGMT902PG
Psycho Bunny Thorn 50ml -50ml 0mg,1,PSVGTH0
Dainty's Strawberry Cheesecake 10ml-3mg,1,DAPGSC03
Dainty's Premium Foam Banana 50/50 80ML-100ml 3.6mg inc VG Nicshot,1,DAPGFB10036VG
Dainty's Special Menthol Flavours MAX VG 50ml-60ml 3mg inc PG Nicshot,1,DAPGSM60PG3
Dainty's Premium Heizenberg 50/50 80ML-110ml 4.9mg inc PG Nicshot,1,DAPGHB11049PG
Eco Vape Premium Apple &amp; Mango V2 Flavour-12mg,1,PRPGAP12
Dainty's Premium Vanilla Ice Cream 50/50 80ML-100ml 3.6mg inc VG Nicshot,1,DAPGVBI10036VG
Dainty's Grapefruit 10ml-12mg,1,DAPGGF12
R Dainty's Premium Apple &amp; Mango 10ml-0mg,1,DAPGAM00
Dainty's Premium Foam Banana 50/50 80ML-90ml 2mg inc VG Nicshot,1,DAPGFB902VG
Psycho Bunny Thorn 50ml -60ml 3mg inc PG Nicshot,1,PSVGTH3PG
R Dainty's Premium Vanilla Ice Cream 10ml-12mg,1,DAPGVBI12
Dainty's Cherry Lemonade Flavour MAX VG 50ml-60ml 3mg inc VG Nicshot,1,DAVGCL60VG3
Psycho Bunny Serial Flavour MAX VG 50ML -60ml 3mg inc VG Nicshot,1,PSVGCE3VG
R Dainty's Premium Pineapple 10ml-12mg,1,DAPGPI12
LADY Q COILS,1,HWCOLQ07
Dainty's Black Jack 10ml-12mg,1,DAPGBJ12
Dainty's Premium Pink Lemonade 50/50 80ML-110ml 4.9mg inc VG Nicshot,1,DAPGPL11049VG
Psycho Bunny Cappuccino Flavour MAX VG 50ML -60ml 3mg inc PG Nicshot,1,PSVGCA3PG
R Dainty's Premium Banana 10ml-3mg,1,DAPGBA03
Dripping Range Rainbow Sherbert Ice Cream MAX VG 50ml-60ml 3mg inc VG Nicshot,1,DRVGRSVG03
Dripping Range Blueberg MAX VG 50ml-60ml 3mg inc PG Nicshot,1,DRVGBL0
R Dainty's Premium Tutti Fruity 10ml-12mg,1,DAPGTF12
Dainty's Nic Salts Bubblegum Blast 10ml-18mg,1,NSDAPGBU18
Eco Vape Premium Dragon Fruit V2 Flavour-12mg,1,PRPGDR12
Dainty's Premium Vanilla Ice Cream 50/50 80ML-80ml 0mg,1,DAPGVBI0
Eco Vape Premium Candyfloss V2 Flavour-3mg,1,PRPGCF3
Vaptio Frogman Tank-Silver,1,FROGMANTANK-Silver
Psycho Bunny Twister 50ml -60ml 3mg inc PG Nicshot,1,PSVGTW3PG
Dripping Range Liquid Do-Nuts Toffee V2 Flavour 50/50-12mg,1,DRDONUTTOFFEE5050-12mg
Dainty's Premium Red Air 50/50 80ML-110ml 4.9mg inc PG Nicshot,1,DAPGRA11049PG
Dainty's Premium Red Air 50/50 80ML-100ml 3.6mg inc PG Nicshot,1,DAPGRA10036PG
R Dainty's Premium Red Air 10ml-6mg,1,DAPGRA06
Eco Vape Premium Rhubarb &amp; Custard Flavour-12mg,1,PRPGRH12
VooPoo Drag 2 Mini 117w Kit-Coral,1,HWKIVODRMICO
R Dainty's Premium Apple Pie 10ml-12mg,1,DAPGAPI12
