"Eco Vape Premium Apple & Mango V2 Flavour-18mg",18mg,PRPGAP18
"Eco Vape Premium Blackcurrant Menthol V2 Flavour-3mg",3mg,PRPGBM3
"Eco Vape Premium Blackcurrant V2 Flavour-3mg",3mg,PRPGBL3
"Eco Vape Premium Cherry Menthol V2 Flavour-3mg",3mg,PRPGCM3
"Eco Vape Premium Fruit Salad V2 Flavour-12mg",12mg,PRPGFR12
"Eco Vape Premium Fruit Salad V2 Flavour-18mg",18mg,PRPGFR18
"Eco Vape Premium Gold Tobacco V2 Flavour-6mg",6mg,PRPGGO6
"Eco Vape Premium Gold Tobacco V2 Flavour-18mg",18mg,PRPGGO18
"Eco Vape Premium Ice Mint Flavour-3mg",3mg,PRPGIC3
"Eco Vape Premium Menthol Flavour-3mg",3mg,PRPGMT3
"Eco Vape Premium Peach V2 Flavour-18mg",18mg,PRPGPE18
"Eco Vape Premium Pink Lemonade V2 Flavour-18mg",18mg,PRPGPI18
"Eco Vape Premium Rhubarb & Custard Flavour-6mg",6mg,PRPGRH6
"Eco Vape Premium Rhubarb & Custard Flavour-18mg",18mg,PRPGRH18
"Eco Vape Premium Spearmint V2 Flavour-18mg",18mg,PRPGSP18
"Eco Vape Premium Strawberry & Watermelon V2 Flavour-3mg",3mg,PRPGSW3
"Eco Vape Premium Strawberry V2 Flavour-3mg",3mg,PRPGST3
"Eco Vape Premium Sweet Cherry V2 Flavour-12mg",12mg,PRPGSC12
"Dripping Range Blue Slush Flavour 50/50-6mg",6mg,DRPGBS6
"Dripping Range Dragon Blood Flavour 50/50-6mg",6mg,DRDRAGBLOOD5050-6mg
"Dripping Range Green Slush V2 Flavour 50/50-6mg",6mg,DRGREENSLUSH5050-6mg
"Dripping Range Liquid Do-Nuts Raspberry V2 Flavour 50/50-6mg",6mg,DRDONUTRASP5050-6mg
"Dripping Range Pinkberg Flavour 50/50-6mg",6mg,DRPINKBERG5050-6mg
"Dripping Range Unicorn Blood Flavour 50/50-6mg",6mg,DRUNICORN5050-6mg
"Dripping Range Vampire Astaire Flavour 50/50-12mg",12mg,DRVAMPIR5050-12mg
"Dripping Range Vampire Astaire Flavour 50/50-18mg",18mg,DRVAMPIR5050-18mg
"Dripping Range Wolves Juice Flavour 50/50-3mg",3mg,DRWOLVES5050-3mg
"Dripping Range Wolves Juice Flavour 50/50-6mg",6mg,DRWOLVES5050-6mg
"Dripping Range Zombie Astaire Flavour 50/50-6mg",6mg,DRPGZO6
"Dripping Range Zombie Astaire Flavour 50/50-12mg",12mg,DRPGZO12
"Vaptio Frogman Tank-Black",,FROGMANTANK-Black
"Dainty's Premium Blueberry Blackcurrant Menthol 50/50 80ML-90ml 2mg inc VG Nicshot",0mg,DAPGBBM902VG
"Dainty's Premium Blueberry Blackcurrant Menthol 50/50 80ML-90ml 2mg inc PG Nicshot",0mg,DAPGBBM902PG
"Dainty's Premium Blueberry Blackcurrant Menthol 50/50 80ML-100ml 3.6mg inc VG Nicshot",0mg,DAPGBBM10036VG
"Dainty's Premium Blueberry Blackcurrant Menthol 50/50 80ML-100ml 3.6mg inc PG Nicshot",0mg,DAPGBBM10036PG
"Dainty's Premium Blueberry Blackcurrant Menthol 50/50 80ML-110ml 4.9mg inc VG Nicshot",0mg,DAPGBBM11049VG
"Dainty's Premium Blueberry Blackcurrant Menthol 50/50 80ML-110ml 4.9mg inc PG Nicshot",0mg,DAPGBBM11049PG
"Dainty's Premium Blueberry Blackcurrant Menthol 50/50 80ML-80ml 0mg",0mg,DAPGBBM0
"Dainty's Premium Foam Banana 50/50 80ML-80ml 0mg",0mg,DAPGFB0
"Dainty's Premium Foam Banana 50/50 80ML-90ml 2mg inc PG Nicshot",0mg,DAPGFB902PG
"Dainty's Premium Foam Banana 50/50 80ML-100ml 3.6mg inc VG Nicshot",0mg,DAPGFB10036VG
"Dainty's Premium Grape & Blackcurrant 50/50 80ML-80ml 0mg",0mg,DAPGGB0
"Dainty's Premium Grape & Blackcurrant 50/50 80ML-90ml 2mg inc VG Nicshot",0mg,DAPGGB902VG
"Dainty's Premium Grape & Blackcurrant 50/50 80ML-100ml 3.6mg inc VG Nicshot",0mg,DAPGGB10036VG
"Dainty's Premium Grape & Blackcurrant 50/50 80ML-100ml 3.6mg inc PG Nicshot",0mg,DAPGGB10036PG
"Dainty's Premium Grape & Blackcurrant 50/50 80ML-110ml 4.9mg inc PG Nicshot",0mg,DAPGGB11049PG
"Dainty's Premium Ice Mint 50/50 80ML-80ml 0mg",0mg,DAPGIM0
"Dainty's Premium Ice Mint 50/50 80ML-90ml 2mg inc VG Nicshot",0mg,DAPGIM902VG
"Dainty's Premium Ice Mint 50/50 80ML-100ml 3.6mg inc VG Nicshot",0mg,DAPGIM10036VG
"Dainty's Premium Ice Mint 50/50 80ML-100ml 3.6mg inc PG Nicshot",0mg,DAPGIM10036PG
"Dainty's Premium Ice Mint 50/50 80ML-110ml 4.9mg inc PG Nicshot",0mg,DAPGIM11049PG
"Dainty's Premium Menthol 50/50 80ML-80ml 0mg",0mg,DAPGMT0
"Dainty's Premium Menthol 50/50 80ML-90ml 2mg inc VG Nicshot",0mg,DAPGMT902VG
"Dainty's Premium Menthol 50/50 80ML-100ml 3.6mg inc PG Nicshot",0mg,DAPGMT10036PG
"Dainty's Premium Menthol 50/50 80ML-110ml 4.9mg inc VG Nicshot",0mg,DAPGMT11049VG
"Dainty's Premium Pink Lemonade 50/50 80ML-80ml 0mg",0mg,DAPGPL0
"Dainty's Premium Pink Lemonade 50/50 80ML-90ml 2mg inc VG Nicshot",0mg,DAPGPL902VG
"Dainty's Premium Pink Lemonade 50/50 80ML-100ml 3.6mg inc VG Nicshot",0mg,DAPGPL10036VG
"Dainty's Premium Pink Lemonade 50/50 80ML-100ml 3.6mg inc PG Nicshot",0mg,DAPGPL10036PG
"Dainty's Premium Pink Lemonade 50/50 80ML-110ml 4.9mg inc PG Nicshot",0mg,DAPGPL11049PG
"Dainty's Premium RY4 Caramel Vanilla Tobacco 50/50 80ML-80ml 0mg",0mg,DAPGRY0
"Dainty's Premium RY4 Caramel Vanilla Tobacco 50/50 80ML-100ml 3.6mg inc PG Nicshot",0mg,DAPGRY10036PG
"Dainty's Premium RY4 Caramel Vanilla Tobacco 50/50 80ML-110ml 4.9mg inc VG Nicshot",0mg,DAPGRY11049VG
"Dainty's Premium Vanilla Ice Cream 50/50 80ML-80ml 0mg",0mg,DAPGVBI0
"Dainty's Premium Vanilla Ice Cream 50/50 80ML-90ml 2mg inc VG Nicshot",0mg,DAPGVBI902VG
"Dainty's Premium Red Air 50/50 80ML-80ml 0mg",0mg,DAPGRA0
"Dainty's Premium Red Air 50/50 80ML-90ml 2mg inc PG Nicshot",0mg,DAPGRA902PG
"Dainty's Premium Red Air 50/50 80ML-100ml 3.6mg inc VG Nicshot",0mg,DAPGRA10036VG
"Dainty's Premium Red Air 50/50 80ML-100ml 3.6mg inc PG Nicshot",0mg,DAPGRA10036PG
"Dainty's Premium Heizenberg 50/50 80ML-90ml 2mg inc VG Nicshot",0mg,DAPGHB902VG
"Dainty's Premium Heizenberg 50/50 80ML-90ml 2mg inc PG Nicshot",0mg,DAPGHB902PG
"Dainty's Premium Heizenberg 50/50 80ML-100ml 3.6mg inc VG Nicshot",0mg,DAPGHB10036VG
"Dainty's Premium Heizenberg 50/50 80ML-100ml 3.6mg inc PG Nicshot",0mg,DAPGHB10036PG
"Dainty's Premium Heizenberg 50/50 80ML-110ml 4.9mg inc VG Nicshot",0mg,DAPGHB11049VG
"R Dainty's Premium Blackcurrant Menthol-6mg",6mg,DAPGBM06
"R Dainty's Premium Blackcurrant Menthol-12mg",12mg,DAPGBM12
"R Dainty's Premium Apple & Mango 10ml-6mg",6mg,DAPGAM06
"R Dainty's Premium Apple & Mango 10ml-12mg",12mg,DAPGAM12
"R Dainty's Premium Apple & Mango 10ml-18mg",18mg,DAPGAM18
"R Dainty's Premium Apple Pie 10ml-6mg",6mg,DAPGAPI06
"R Dainty's Premium Apple Pie 10ml-12mg",12mg,DAPGAPI12
"R Dainty's Premium Banana 10ml-6mg",6mg,DAPGBA06
"R Dainty's Premium Banana 10ml-12mg",12mg,DAPGBA12
"R Dainty's Premium Banana 10ml-18mg",18mg,DAPGBA18
"R Dainty's Premium Blackcurrant 10ml-3mg",3mg,DAPGBL03
"R Dainty's Premium Blackcurrant 10ml-12mg",12mg,DAPGBL12
"R Dainty's Premium Blueberry 10ml-3mg",3mg,DAPGBB03
"R Dainty's Premium Blueberry 10ml-6mg",6mg,DAPGBB06
"R Dainty's Premium Blueberry 10ml-12mg",12mg,DAPGBB12
"R Dainty's Premium Cherry Cola 10ml-3mg",3mg,DAPGCC03
"R Dainty's Premium Cherry Cola 10ml-12mg",12mg,DAPGCC12
"R Dainty's Premium Cherry 10ml-3mg",3mg,DAPGCH03
"R Dainty's Premium Cherry 10ml-6mg",6mg,DAPGCH06
"R Dainty's Premium Cherry 10ml-12mg",12mg,DAPGCH12
"R Dainty's Premium Coffee 10ml-3mg",3mg,DAPGCO03
"R Dainty's Premium Coffee 10ml-6mg",6mg,DAPGCO06
"R Dainty's Premium Coffee 10ml-12mg",12mg,DAPGCO12
"R Dainty's Premium Coffee 10ml-18mg",18mg,DAPGCO18
"R Dainty's Premium Cola 10ml-3mg",3mg,DAPGC03
"R Dainty's Premium Cola 10ml-6mg",6mg,DAPGC06
"R Dainty's Premium Cola 10ml-12mg",12mg,DAPGC12
"R Dainty's Premium Foam Banana 10ml-3mg",3mg,DAPGFB03
"R Dainty's Premium Foam Banana 10ml-12mg",12mg,DAPGFB12
"R Dainty's Premium Fruit Salad 10ml-3mg",3mg,DAPGFS03
"R Dainty's Premium Fruit Salad 10ml-12mg",12mg,DAPGFS12
"R Dainty's Premium Grape & Blackcurrant 10ml-6mg",6mg,DAPGGB06
"R Dainty's Premium Grape & Blackcurrant 10ml-12mg",12mg,DAPGGB12
"R Dainty's Premium Ice Mint 10ml-3mg",3mg,DAPGIM03
"R Dainty's Premium Ice Mint 10ml-6mg",6mg,DAPGIM06
"R Dainty's Premium Ice Mint 10ml-12mg",12mg,DAPGIM12
"R Dainty's Premium Irish Cream 10ml-6mg",6mg,DAPGIC06
"R Dainty's Premium Irish Cream 10ml-12mg",12mg,DAPGIC12
"R Dainty's Premium Iron Brew 10ml-3mg",3mg,DAPGIB03
"R Dainty's Premium Iron Brew 10ml-6mg",6mg,DAPGIB06
"R Dainty's Premium Key Lime Pie 10ml-6mg",6mg,DAPGKP06
"R Dainty's Premium Key Lime Pie 10ml-12mg",12mg,DAPGKP12
"R Dainty's Premium Melon 10ml-6mg",6mg,DAPGME06
"R Dainty's Premium Melon 10ml-12mg",12mg,DAPGME12
"R Dainty's Premium Menthol 10ml-12mg",12mg,DAPGMT12
"R Dainty's Premium Mint Chocolate 10ml-12mg",12mg,DAPGMC12
"R Dainty's Premium Orange 10ml-0mg",0mg,DAPGOR00
"R Dainty's Premium Orange 10ml-3mg",3mg,DAPGOR03
"R Dainty's Premium Pineapple 10ml-6mg",6mg,DAPGPI06
"R Dainty's Premium Pineapple 10ml-12mg",12mg,DAPGPI12
"R Dainty's Premium Pink Lemonade 10ml-0mg",0mg,DAPGPL00
"R Dainty's Premium Pink Lemonade 10ml-3mg",3mg,DAPGPL03
"R Dainty's Premium Pink Lemonade 10ml-12mg",12mg,DAPGPL12
"R Dainty's Premium Pink Lemonade 10ml-18mg",18mg,DAPGPL18
"R Dainty's Premium Red Air 10ml-12mg",12mg,DAPGRA12
"R Dainty's Premium Red Air 10ml-18mg",18mg,DAPGRA18
"R Dainty's Premium RY4 Tobacco 10ml-6mg",6mg,DAPGRY06
"R Dainty's Premium Strawberry 10ml-3mg",3mg,DAPGST03
"R Dainty's Premium Strawberry 10ml-6mg",6mg,DAPGST06
"R Dainty's Premium Strawberry 10ml-12mg",12mg,DAPGST12
"R Dainty's Premium Tutti Fruity 10ml-3mg",3mg,DAPGTF03
"R Dainty's Premium Tutti Fruity 10ml-6mg",6mg,DAPGTF06
"R Dainty's Premium Tutti Fruity 10ml-12mg",12mg,DAPGTF12
"R Dainty's Premium Vanilla Ice Cream 10ml-6mg",6mg,DAPGVBI06
"Dripping Range Blue Slush MAX VG 50ml-60ml 3mg inc PG Nicshot",0mg,"DRBLUESLUSH50MAXVG-60ml 3mg inc PG Nicshot"
"Dripping Range Blue Slush MAX VG 50ml-60ml 3mg inc VG Nicshot",0mg,"DRBLUESLUSH50MAXVG-60ml 3mg inc VG Nicshot"
"Dripping Range Blueberg MAX VG 50ml-60ml 3mg inc PG Nicshot",0mg,DRVGBL0
"Dripping Range Blueberg MAX VG 50ml-60ml 3mg inc VG Nicshot",0mg,DRPGBL60PG3
"Eco Vape Banana Milkshake V2 Flavour MAX VG 50ml-60ml 3mg inc VG Nicshot",0mg,"BANMILKV2MAXVG50ML-60ml 3mg inc VG Nicshot"
"Award Winning Eco Vape Strawberry Milkshake V2 Flavour MAX VG 50ml-60ml 3mg inc VG Nicshot",0mg,"EVSTRAWMILKMAXVG50ML-60ml 3mg inc VG Nicshot"
"Eco Vape Milfman V2 Milkshake Flavour MAX VG 50ml-60ml 3mg inc VG Nicshot",0mg,"MILFMANMAXVG50ML-60ml 3mg inc VG Nicshot"
"Award Winning Eco Vape Milfsmilk V2 Flavour MAX VG 50ml-50ml 0mg",0mg,"MILFSMILKMAXVG50ML-50ml 0mg"
"Award Winning Eco Vape Milfsmilk V2 Flavour MAX VG 50ml-60ml 3mg inc PG Nicshot",0mg,"MILFSMILKMAXVG50ML-60ml 3mg inc PG Nicshot"
"Award Winning Eco Vape Milfsmilk V2 Flavour MAX VG 50ml-60ml 3mg inc VG Nicshot",0mg,"MILFSMILKMAXVG50ML-60ml 3mg inc VG Nicshot"
"Dainty's Apple Pie Flavours MAX VG 50ml-60ml 3mg inc VG Nicshot",0mg,DAVGAP60VG3
"Dainty's Special Menthol Flavours MAX VG 50ml-60ml 3mg inc PG Nicshot",0mg,DAPGSM60PG3
"Dainty's Special Menthol Flavours MAX VG 50ml-60ml 3mg inc VG Nicshot",0mg,DAVGSM60VG3
"Dainty's Banana Cake Flavour MAX VG 50ml-60ml 3mg inc VG Nicshot",0mg,DAVGBC60VG3
"Dainty's Heizenberg Flavour MAX VG 50ml-50ml 0mg",0mg,DAVGHE00
"Dainty's Heizenberg Flavour MAX VG 50ml-60ml 3mg inc PG Nicshot",0mg,DAPGHE60PG3
"Dainty's Heizenberg Flavour MAX VG 50ml-60ml 3mg inc VG Nicshot",0mg,DAVGHE60VG3
"Dainty's Lemon Cola Flavour MAX VG 50ml-50ml 0mg",0mg,DAVGLC00
"Dainty's Lemon Cola Flavour MAX VG 50ml-60ml 3mg inc PG Nicshot",0mg,DAPGLC60PG3
"Dainty's Cherry Lemonade Flavour MAX VG 50ml-50ml 0mg",0mg,DAVGCL00
"Dainty's Cherry Lemonade Flavour MAX VG 50ml-60ml 3mg inc PG Nicshot",0mg,DAPGCL60PG3
"Dainty's Cherry Lemonade Flavour MAX VG 50ml-60ml 3mg inc VG Nicshot",0mg,DAVGCL60VG3
"Dainty's Cherry Menthol Flavour MAX VG 50ml-50ml 0mg",0mg,DAVGCM00
"Dainty's Cherry Menthol Flavour MAX VG 50ml-60ml 3mg inc PG Nicshot",0mg,DAPGCM60PG3
"Dainty's Cherry Menthol Flavour MAX VG 50ml-60ml 3mg inc VG Nicshot",0mg,DAVGCM60VG3
"Dainty's Apple & Mango Flavour MAX VG 50ml-50ml 0mg",0mg,DAVGAM00
"Dainty's Apple & Mango Flavour MAX VG 50ml-60ml 3mg inc PG Nicshot",0mg,DAPGAM60PG3
"Dainty's Apple & Mango Flavour MAX VG 50ml-60ml 3mg inc VG Nicshot",0mg,DAVGAM60VG3
"Dainty's Strawberry Cheesecake Flavour MAX VG 50ml-50ml 0mg",0mg,DAVGSC00
"Dainty's Strawberry Cheesecake Flavour MAX VG 50ml-60ml 3mg inc PG Nicshot",0mg,DAVGSC60PG3
"Dainty's Strawberry Cheesecake Flavour MAX VG 50ml-60ml 3mg inc VG Nicshot",0mg,DAVGSC60VG3
"Vaptio Solo F2 AIO-Blue",,HWKIVAF2BLU
"Samsung  30Q INR18650 3000mAh Battery",,HWACSAM30Q
"Psycho Bunny Nicotine Shot PG Base",18mg,PSDIYPG18
"Psycho Bunny Nicotine Shot VG Base",18mg,PSDIYVG18
"Psycho Bunny Ice Nicotine Shot",18mg,PSDIYICE18
"Psycho Bunny Double Ice Nicotine Shot",18mg,PSDIYDICE18
"Psycho Bunny Super Sweet Shot",18mg,PSDIYSU00
"Psycho Bunny Syrup Shot",0mg,PSDIYSY00
"SMOKJOY OPS-1 Replacement Pod -D POD",0mg,HWPOSJDP
"Vaptio Solo-Flat Replacement Pod Cartridge -Solo-Flat Pod (1.0Ω)",0mg,HWPOVASF1
"Rincoe Ceto Replacement Pod-Pod system",0mg,HWTARICE1
"Dainty's Cola Cube 10ml-3mg",3mg,DAPGCU03
"Dainty's Cola Cube 10ml-6mg",6mg,DAPGCU06
"Dainty's Aniseed 10ml-3mg",3mg,DAPGAN03
"Dainty's Aniseed 10ml-6mg",6mg,DAPGAN06
"Dainty's Aniseed 10ml-12mg",12mg,DAPGAN12
"Dainty's Cookie 10ml-3mg",3mg,DAPGCK03
"Dainty's Heisenberg 10ml-0mg",0mg,DAPGHB00
"Dainty's Heisenberg 10ml-3mg",3mg,DAPGHB03
"Dainty's Heisenberg 10ml-6mg",6mg,DAPGHB06
"Dainty's Heisenberg 10ml-18mg",18mg,DAPGHB18
"Dainty's Apple 10ml-0mg",0mg,DAPGAP00
"Dainty's Apple 10ml-3mg",3mg,DAPGAP03
"Dainty's Apple 10ml-6mg",6mg,DAPGAP06
"Dainty's Apple 10ml-12mg",12mg,DAPGAP12
"Dainty's Jelly Babies 10ml-3mg",3mg,DAPGJB03
"Dainty's Jelly Babies 10ml-6mg",6mg,DAPGJB06
"Dainty's Jelly Babies 10ml-12mg",12mg,DAPGJB12
"Dainty's Black Jack 10ml-0mg",0mg,DAPGBJ00
"Dainty's Black Jack 10ml-6mg",6mg,DAPGBJ06
"Dainty's Black Jack 10ml-12mg",12mg,DAPGBJ12
"Dainty's Blue Slush 10ml-0mg",0mg,DAPGBS00
"Dainty's Blue Slush 10ml-3mg",3mg,DAPGBS03
"Dainty's Blue Slush 10ml-6mg",6mg,DAPGBS06
"Dainty's Blue Slush 10ml-12mg",12mg,DAPGBS12
"Dainty's Bubblegum 10ml-3mg",3mg,DAPGBU03
"Dainty's Bubblegum 10ml-6mg",6mg,DAPGBU06
"Dainty's Bubblegum 10ml-18mg",18mg,DAPGBU18
"Dainty's Cherry Menthol 10ml-3mg",3mg,DAPGCM03
"Dainty's Cherry Menthol 10ml-6mg",6mg,DAPGCM06
"Dainty's Fresh Orange 10ml-12mg",12mg,DAPGFO12
"Dainty's Fresh Orange 10ml-18mg",18mg,DAPGFO18
"Dainty's Raspberry 10ml-0mg",0mg,DAPGRS00
"Dainty's Raspberry 10ml-3mg",3mg,DAPGRS03
"Dainty's Raspberry 10ml-6mg",6mg,DAPGRS06
"Dainty's Raspberry 10ml-12mg",12mg,DAPGRS12
"Dainty's Special Menthol 10ml-3mg",3mg,DAPGSM03
"Dainty's Special Menthol 10ml-6mg",6mg,DAPGSM06
"Dainty's Strawberry Cheesecake 10ml-6mg",6mg,DAPGSC06
"Dainty's Strawberry Cheesecake 10ml-12mg",12mg,DAPGSC12
"Vaptio Solo F2 Coil-Vaptio Solo (Pack of 5) F2 X2 Coil (0.25Ω)",0mg,HWCOVAF2X2
"Vaptio Paragon Coils-Vaptio Paragon Strip Coil (0.15Ω)",0mg,HWCOVAPAR15
"Dripping Range Blackcurrant Lime Soda MAX VG 50ml-50ml 0mg",0mg,DRVGBLS0
"Dripping Range Heizen Blue Flavour MAX VG 50ml-50ml 0mg",0mg,DRVGHB0
"Dripping Range Heizen Blue Flavour MAX VG 50ml-60ml 3mg inc VG Nicshot",0mg,DRVGHBVG3
"Dainty's Nic Salts Apple & Mango 10ml-12mg",12mg,NSDAPGAM12
"Dainty's Nic Salts Bubblegum Blast 10ml-6mg",6mg,NSDAPGBU06
"Dainty's Nic Salts Bubblegum Blast 10ml-18mg",18mg,NSDAPGBU18
"Dainty's Nic Salts Blueberry and Blackcurrant Menthol 10ml-18mg",18mg,NSDAPGBBM18
"Dainty's Nic Salts Cherry Lemonade 10ml-3mg",3mg,NSDAPGCL03
"Dainty's Nic Salts Cherry Lemonade 10ml-6mg",6mg,NSDAPGCL06
"Dainty's Nic Salts Cherry Lemonade 10ml-12mg",12mg,NSDAPGCL12
"Dainty's Nic Salts Pink Lemonade 10ml-12mg",12mg,NSDAPGPL12
"Dainty's Nic Salts RY4 10ml-6mg",6mg,NSDAPGRY06
"Dainty's Nic Salts RY4 10ml-12mg",12mg,NSDAPGRY12
"Dainty's Nic Salts Tobacco 10ml-6mg",6mg,NSDAPGTO06
"Dainty's Nic Salts Grape and Blackcurrant 10ml-6mg",6mg,NSDAPGGB06
"Dainty's Bubblegum Blast 50ml-50ml 0mg",0mg,DAVGBB00
"Dainty's Blueberry Pancake 50ml-50ml 0mg",0mg,DAVGBP00
"Dainty's Premium Red Air 70/30 50ML-50ml 0mg",0mg,DAVGRA00
"Dainty's Raspberry Sherbet 50ml-50ml 0mg",0mg,DAVGRS00
"Dainty's Vanilla Cream Tobacco 50ml-50ml 0mg",0mg,DAVGVCT00
"Psycho Bunny Yellow Mirage Flavour MAX VG 50ML-60ml 3mg inc PG Nicshot",0mg,PSVGYE3PG
"Psycho Bunny Twister 50ml -60ml 3mg inc VG Nicshot",0mg,PSVGTW3VG
"Psycho Bunny Prism Flavour MAX VG 50ML-50ml 0mg",0mg,PSVGPR0
"Psycho Bunny Prism Flavour MAX VG 50ML-60ml 3mg inc VG Nicshot",0mg,PSVGPR3VG
"Psycho Bunny Prism Flavour MAX VG 50ML-60ml 3mg inc PG Nicshot",0mg,PSVGPR3PG
"Psycho Bunny Melonade Flavour MAX VG 50ML-60ml 3mg inc VG Nicshot",0mg,PSVGME3VG
"Psycho Bunny Kush Cake Flavour MAX VG 50ML -60ml 3mg inc PG Nicshot",0mg,PSVGKC3PG
"Psycho Bunny Grapegasm Flavour MAX VG 50ML -60ml 3mg inc VG Nicshot",0mg,PSVGGR3VG
"Psycho Bunny Blue Retro Flavour MAX VG 50ML -60ml 3mg inc VG Nicshot",0mg,PSVGBL3VG
"Psycho Bunny Cappuccino Flavour MAX VG 50ML -50ml 0mg",0mg,PSVGCA0
"Dainty's Apple Pie Flavours MAX VG 50ml-50ml 0mg",0mg,DAVGAPG00
"Dripping Range Blackcurrant Lime Soda MAX VG 50ml-60ml 3mg inc VG Nicshot",0mg,DRVGBLS03VG
